ITTER107;Territory;TIPO_DATO14;Data type;ISTITUTO_SAN;Type of hospital;TIME;Select time;Value;Flag Codes;Flags
IT;Italy;18;hospitals;PRVHOSPNHS;private hospital accredited to NHS;2017;2017;479;;
IT;Italy;25;inpatient beddays in hospital;PRVHOSPNHS;private hospital accredited to NHS;2017;2017;15530335;;
IT;Italy;30;day hospital beddays;PRVHOSPNHS;private hospital accredited to NHS;2017;2017;1257501;;
IT;Italy;118;day hospital discharges;PRVHOSPNHS;private hospital accredited to NHS;2017;2017;531687;;
IT;Italy;119;day hospital discharges per 1,000 inhabitants;PRVHOSPNHS;private hospital accredited to NHS;2017;2017;8.78;;
ITCD;Nord;18;hospitals;PRVHOSPNHS;private hospital accredited to NHS;2017;2017;187;;
ITCD;Nord;25;inpatient beddays in hospital;PRVHOSPNHS;private hospital accredited to NHS;2017;2017;7719758;;
ITCD;Nord;30;day hospital beddays;PRVHOSPNHS;private hospital accredited to NHS;2017;2017;350174;;
ITCD;Nord;118;day hospital discharges;PRVHOSPNHS;private hospital accredited to NHS;2017;2017;186056;;
ITCD;Nord;119;day hospital discharges per 1,000 inhabitants;PRVHOSPNHS;private hospital accredited to NHS;2017;2017;6.71;;
ITC;Nord-ovest;18;hospitals;PRVHOSPNHS;private hospital accredited to NHS;2017;2017;110;;
ITC;Nord-ovest;25;inpatient beddays in hospital;PRVHOSPNHS;private hospital accredited to NHS;2017;2017;5339552;;
ITC;Nord-ovest;30;day hospital beddays;PRVHOSPNHS;private hospital accredited to NHS;2017;2017;190110;;
ITC;Nord-ovest;118;day hospital discharges;PRVHOSPNHS;private hospital accredited to NHS;2017;2017;118574;;
ITC;Nord-ovest;119;day hospital discharges per 1,000 inhabitants;PRVHOSPNHS;private hospital accredited to NHS;2017;2017;7.37;;
ITC1;Piemonte;18;hospitals;PRVHOSPNHS;private hospital accredited to NHS;2017;2017;38;;
ITC1;Piemonte;25;inpatient beddays in hospital;PRVHOSPNHS;private hospital accredited to NHS;2017;2017;1264348;;
ITC1;Piemonte;30;day hospital beddays;PRVHOSPNHS;private hospital accredited to NHS;2017;2017;36152;;
ITC1;Piemonte;118;day hospital discharges;PRVHOSPNHS;private hospital accredited to NHS;2017;2017;13135;;
ITC1;Piemonte;119;day hospital discharges per 1,000 inhabitants;PRVHOSPNHS;private hospital accredited to NHS;2017;2017;3;;
ITC2;Valle d'Aosta / Vallée d'Aoste;18;hospitals;PRVHOSPNHS;private hospital accredited to NHS;2017;2017;1;;
ITC2;Valle d'Aosta / Vallée d'Aoste;25;inpatient beddays in hospital;PRVHOSPNHS;private hospital accredited to NHS;2017;2017;16991;;
ITC2;Valle d'Aosta / Vallée d'Aoste;30;day hospital beddays;PRVHOSPNHS;private hospital accredited to NHS;2017;2017;28;;
ITC2;Valle d'Aosta / Vallée d'Aoste;118;day hospital discharges;PRVHOSPNHS;private hospital accredited to NHS;2017;2017;29;;
ITC2;Valle d'Aosta / Vallée d'Aoste;119;day hospital discharges per 1,000 inhabitants;PRVHOSPNHS;private hospital accredited to NHS;2017;2017;0.23;;
ITC3;Liguria;18;hospitals;PRVHOSPNHS;private hospital accredited to NHS;2017;2017;5;;
ITC3;Liguria;25;inpatient beddays in hospital;PRVHOSPNHS;private hospital accredited to NHS;2017;2017;273005;;
ITC3;Liguria;30;day hospital beddays;PRVHOSPNHS;private hospital accredited to NHS;2017;2017;35856;;
ITC3;Liguria;118;day hospital discharges;PRVHOSPNHS;private hospital accredited to NHS;2017;2017;10177;;
ITC3;Liguria;119;day hospital discharges per 1,000 inhabitants;PRVHOSPNHS;private hospital accredited to NHS;2017;2017;6.52;;
ITC4;Lombardia;18;hospitals;PRVHOSPNHS;private hospital accredited to NHS;2017;2017;66;;
ITC4;Lombardia;25;inpatient beddays in hospital;PRVHOSPNHS;private hospital accredited to NHS;2017;2017;3785208;;
ITC4;Lombardia;30;day hospital beddays;PRVHOSPNHS;private hospital accredited to NHS;2017;2017;118074;;
ITC4;Lombardia;118;day hospital discharges;PRVHOSPNHS;private hospital accredited to NHS;2017;2017;95233;;
ITC4;Lombardia;119;day hospital discharges per 1,000 inhabitants;PRVHOSPNHS;private hospital accredited to NHS;2017;2017;9.5;;
ITD;Nord-est;18;hospitals;PRVHOSPNHS;private hospital accredited to NHS;2017;2017;77;;
ITD;Nord-est;25;inpatient beddays in hospital;PRVHOSPNHS;private hospital accredited to NHS;2017;2017;2380206;;
ITD;Nord-est;30;day hospital beddays;PRVHOSPNHS;private hospital accredited to NHS;2017;2017;160064;;
ITD;Nord-est;118;day hospital discharges;PRVHOSPNHS;private hospital accredited to NHS;2017;2017;67482;;
ITD;Nord-est;119;day hospital discharges per 1,000 inhabitants;PRVHOSPNHS;private hospital accredited to NHS;2017;2017;5.8;;
ITDA;Trentino Alto Adige / Südtirol;18;hospitals;PRVHOSPNHS;private hospital accredited to NHS;2017;2017;11;;
ITDA;Trentino Alto Adige / Südtirol;25;inpatient beddays in hospital;PRVHOSPNHS;private hospital accredited to NHS;2017;2017;303307;;
ITDA;Trentino Alto Adige / Südtirol;30;day hospital beddays;PRVHOSPNHS;private hospital accredited to NHS;2017;2017;4650;;
ITDA;Trentino Alto Adige / Südtirol;118;day hospital discharges;PRVHOSPNHS;private hospital accredited to NHS;2017;2017;1948;;
ITDA;Trentino Alto Adige / Südtirol;119;day hospital discharges per 1,000 inhabitants;PRVHOSPNHS;private hospital accredited to NHS;2017;2017;1.83;;
ITD1;Provincia Autonoma Bolzano / Bozen;18;hospitals;PRVHOSPNHS;private hospital accredited to NHS;2017;2017;6;;
ITD1;Provincia Autonoma Bolzano / Bozen;25;inpatient beddays in hospital;PRVHOSPNHS;private hospital accredited to NHS;2017;2017;95082;;
ITD1;Provincia Autonoma Bolzano / Bozen;30;day hospital beddays;PRVHOSPNHS;private hospital accredited to NHS;2017;2017;0;;
ITD1;Provincia Autonoma Bolzano / Bozen;118;day hospital discharges;PRVHOSPNHS;private hospital accredited to NHS;2017;2017;0;;
ITD1;Provincia Autonoma Bolzano / Bozen;119;day hospital discharges per 1,000 inhabitants;PRVHOSPNHS;private hospital accredited to NHS;2017;2017;0;;
ITD2;Provincia Autonoma Trento;18;hospitals;PRVHOSPNHS;private hospital accredited to NHS;2017;2017;5;;
ITD2;Provincia Autonoma Trento;25;inpatient beddays in hospital;PRVHOSPNHS;private hospital accredited to NHS;2017;2017;208225;;
ITD2;Provincia Autonoma Trento;30;day hospital beddays;PRVHOSPNHS;private hospital accredited to NHS;2017;2017;4650;;
ITD2;Provincia Autonoma Trento;118;day hospital discharges;PRVHOSPNHS;private hospital accredited to NHS;2017;2017;1948;;
ITD2;Provincia Autonoma Trento;119;day hospital discharges per 1,000 inhabitants;PRVHOSPNHS;private hospital accredited to NHS;2017;2017;3.61;;
ITD3;Veneto;18;hospitals;PRVHOSPNHS;private hospital accredited to NHS;2017;2017;17;;
ITD3;Veneto;25;inpatient beddays in hospital;PRVHOSPNHS;private hospital accredited to NHS;2017;2017;919536;;
ITD3;Veneto;30;day hospital beddays;PRVHOSPNHS;private hospital accredited to NHS;2017;2017;91487;;
ITD3;Veneto;118;day hospital discharges;PRVHOSPNHS;private hospital accredited to NHS;2017;2017;31914;;
ITD3;Veneto;119;day hospital discharges per 1,000 inhabitants;PRVHOSPNHS;private hospital accredited to NHS;2017;2017;6.5;;
ITD4;Friuli-Venezia Giulia;18;hospitals;PRVHOSPNHS;private hospital accredited to NHS;2017;2017;5;;
ITD4;Friuli-Venezia Giulia;25;inpatient beddays in hospital;PRVHOSPNHS;private hospital accredited to NHS;2017;2017;77208;;
ITD4;Friuli-Venezia Giulia;30;day hospital beddays;PRVHOSPNHS;private hospital accredited to NHS;2017;2017;9248;;
ITD4;Friuli-Venezia Giulia;118;day hospital discharges;PRVHOSPNHS;private hospital accredited to NHS;2017;2017;7697;;
ITD4;Friuli-Venezia Giulia;119;day hospital discharges per 1,000 inhabitants;PRVHOSPNHS;private hospital accredited to NHS;2017;2017;6.33;;
ITD5;Emilia-Romagna;18;hospitals;PRVHOSPNHS;private hospital accredited to NHS;2017;2017;44;;
ITD5;Emilia-Romagna;25;inpatient beddays in hospital;PRVHOSPNHS;private hospital accredited to NHS;2017;2017;1080155;;
ITD5;Emilia-Romagna;30;day hospital beddays;PRVHOSPNHS;private hospital accredited to NHS;2017;2017;54679;;
ITD5;Emilia-Romagna;118;day hospital discharges;PRVHOSPNHS;private hospital accredited to NHS;2017;2017;25923;;
ITD5;Emilia-Romagna;119;day hospital discharges per 1,000 inhabitants;PRVHOSPNHS;private hospital accredited to NHS;2017;2017;5.82;;
ITE;Centro (I);18;hospitals;PRVHOSPNHS;private hospital accredited to NHS;2017;2017;96;;
ITE;Centro (I);25;inpatient beddays in hospital;PRVHOSPNHS;private hospital accredited to NHS;2017;2017;3398162;;
ITE;Centro (I);30;day hospital beddays;PRVHOSPNHS;private hospital accredited to NHS;2017;2017;468896;;
ITE;Centro (I);118;day hospital discharges;PRVHOSPNHS;private hospital accredited to NHS;2017;2017;179169;;
ITE;Centro (I);119;day hospital discharges per 1,000 inhabitants;PRVHOSPNHS;private hospital accredited to NHS;2017;2017;14.86;;
ITE1;Toscana;18;hospitals;PRVHOSPNHS;private hospital accredited to NHS;2017;2017;22;;
ITE1;Toscana;25;inpatient beddays in hospital;PRVHOSPNHS;private hospital accredited to NHS;2017;2017;411644;;
ITE1;Toscana;30;day hospital beddays;PRVHOSPNHS;private hospital accredited to NHS;2017;2017;29235;;
ITE1;Toscana;118;day hospital discharges;PRVHOSPNHS;private hospital accredited to NHS;2017;2017;13626;;
ITE1;Toscana;119;day hospital discharges per 1,000 inhabitants;PRVHOSPNHS;private hospital accredited to NHS;2017;2017;3.64;;
ITE2;Umbria;18;hospitals;PRVHOSPNHS;private hospital accredited to NHS;2017;2017;6;;
ITE2;Umbria;25;inpatient beddays in hospital;PRVHOSPNHS;private hospital accredited to NHS;2017;2017;29305;;
ITE2;Umbria;30;day hospital beddays;PRVHOSPNHS;private hospital accredited to NHS;2017;2017;1991;;
ITE2;Umbria;118;day hospital discharges;PRVHOSPNHS;private hospital accredited to NHS;2017;2017;1992;;
ITE2;Umbria;119;day hospital discharges per 1,000 inhabitants;PRVHOSPNHS;private hospital accredited to NHS;2017;2017;2.25;;
ITE3;Marche;18;hospitals;PRVHOSPNHS;private hospital accredited to NHS;2017;2017;8;;
ITE3;Marche;25;inpatient beddays in hospital;PRVHOSPNHS;private hospital accredited to NHS;2017;2017;224039;;
ITE3;Marche;30;day hospital beddays;PRVHOSPNHS;private hospital accredited to NHS;2017;2017;10961;;
ITE3;Marche;118;day hospital discharges;PRVHOSPNHS;private hospital accredited to NHS;2017;2017;9866;;
ITE3;Marche;119;day hospital discharges per 1,000 inhabitants;PRVHOSPNHS;private hospital accredited to NHS;2017;2017;6.43;;
ITE4;Lazio;18;hospitals;PRVHOSPNHS;private hospital accredited to NHS;2017;2017;60;;
ITE4;Lazio;25;inpatient beddays in hospital;PRVHOSPNHS;private hospital accredited to NHS;2017;2017;2733174;;
ITE4;Lazio;30;day hospital beddays;PRVHOSPNHS;private hospital accredited to NHS;2017;2017;426709;;
ITE4;Lazio;118;day hospital discharges;PRVHOSPNHS;private hospital accredited to NHS;2017;2017;153685;;
ITE4;Lazio;119;day hospital discharges per 1,000 inhabitants;PRVHOSPNHS;private hospital accredited to NHS;2017;2017;26.06;;
ITFG;Mezzogiorno;18;hospitals;PRVHOSPNHS;private hospital accredited to NHS;2017;2017;196;;
ITFG;Mezzogiorno;25;inpatient beddays in hospital;PRVHOSPNHS;private hospital accredited to NHS;2017;2017;4412415;;
ITFG;Mezzogiorno;30;day hospital beddays;PRVHOSPNHS;private hospital accredited to NHS;2017;2017;438431;;
ITFG;Mezzogiorno;118;day hospital discharges;PRVHOSPNHS;private hospital accredited to NHS;2017;2017;166462;;
ITFG;Mezzogiorno;119;day hospital discharges per 1,000 inhabitants;PRVHOSPNHS;private hospital accredited to NHS;2017;2017;8.03;;
ITF;Sud;18;hospitals;PRVHOSPNHS;private hospital accredited to NHS;2017;2017;129;;
ITF;Sud;25;inpatient beddays in hospital;PRVHOSPNHS;private hospital accredited to NHS;2017;2017;3318518;;
ITF;Sud;30;day hospital beddays;PRVHOSPNHS;private hospital accredited to NHS;2017;2017;354213;;
ITF;Sud;118;day hospital discharges;PRVHOSPNHS;private hospital accredited to NHS;2017;2017;124821;;
ITF;Sud;119;day hospital discharges per 1,000 inhabitants;PRVHOSPNHS;private hospital accredited to NHS;2017;2017;8.89;;
ITF1;Abruzzo;18;hospitals;PRVHOSPNHS;private hospital accredited to NHS;2017;2017;10;;
ITF1;Abruzzo;25;inpatient beddays in hospital;PRVHOSPNHS;private hospital accredited to NHS;2017;2017;248316;;
ITF1;Abruzzo;30;day hospital beddays;PRVHOSPNHS;private hospital accredited to NHS;2017;2017;16449;;
ITF1;Abruzzo;118;day hospital discharges;PRVHOSPNHS;private hospital accredited to NHS;2017;2017;9652;;
ITF1;Abruzzo;119;day hospital discharges per 1,000 inhabitants;PRVHOSPNHS;private hospital accredited to NHS;2017;2017;7.32;;
ITF2;Molise;18;hospitals;PRVHOSPNHS;private hospital accredited to NHS;2017;2017;3;;
ITF2;Molise;25;inpatient beddays in hospital;PRVHOSPNHS;private hospital accredited to NHS;2017;2017;113448;;
ITF2;Molise;30;day hospital beddays;PRVHOSPNHS;private hospital accredited to NHS;2017;2017;10145;;
ITF2;Molise;118;day hospital discharges;PRVHOSPNHS;private hospital accredited to NHS;2017;2017;5145;;
ITF2;Molise;119;day hospital discharges per 1,000 inhabitants;PRVHOSPNHS;private hospital accredited to NHS;2017;2017;16.63;;
ITF3;Campania;18;hospitals;PRVHOSPNHS;private hospital accredited to NHS;2017;2017;63;;
ITF3;Campania;25;inpatient beddays in hospital;PRVHOSPNHS;private hospital accredited to NHS;2017;2017;1492093;;
ITF3;Campania;30;day hospital beddays;PRVHOSPNHS;private hospital accredited to NHS;2017;2017;289333;;
ITF3;Campania;118;day hospital discharges;PRVHOSPNHS;private hospital accredited to NHS;2017;2017;91975;;
ITF3;Campania;119;day hospital discharges per 1,000 inhabitants;PRVHOSPNHS;private hospital accredited to NHS;2017;2017;15.77;;
ITF4;Puglia;18;hospitals;PRVHOSPNHS;private hospital accredited to NHS;2017;2017;26;;
ITF4;Puglia;25;inpatient beddays in hospital;PRVHOSPNHS;private hospital accredited to NHS;2017;2017;1148179;;
ITF4;Puglia;30;day hospital beddays;PRVHOSPNHS;private hospital accredited to NHS;2017;2017;18109;;
ITF4;Puglia;118;day hospital discharges;PRVHOSPNHS;private hospital accredited to NHS;2017;2017;9913;;
ITF4;Puglia;119;day hospital discharges per 1,000 inhabitants;PRVHOSPNHS;private hospital accredited to NHS;2017;2017;2.44;;
ITF5;Basilicata;18;hospitals;PRVHOSPNHS;private hospital accredited to NHS;2017;2017;1;;
ITF5;Basilicata;25;inpatient beddays in hospital;PRVHOSPNHS;private hospital accredited to NHS;2017;2017;10809;;
ITF5;Basilicata;30;day hospital beddays;PRVHOSPNHS;private hospital accredited to NHS;2017;2017;0;;
ITF5;Basilicata;118;day hospital discharges;PRVHOSPNHS;private hospital accredited to NHS;2017;2017;0;;
ITF5;Basilicata;119;day hospital discharges per 1,000 inhabitants;PRVHOSPNHS;private hospital accredited to NHS;2017;2017;0;;
ITF6;Calabria;18;hospitals;PRVHOSPNHS;private hospital accredited to NHS;2017;2017;26;;
ITF6;Calabria;25;inpatient beddays in hospital;PRVHOSPNHS;private hospital accredited to NHS;2017;2017;305673;;
ITF6;Calabria;30;day hospital beddays;PRVHOSPNHS;private hospital accredited to NHS;2017;2017;20177;;
ITF6;Calabria;118;day hospital discharges;PRVHOSPNHS;private hospital accredited to NHS;2017;2017;8136;;
ITF6;Calabria;119;day hospital discharges per 1,000 inhabitants;PRVHOSPNHS;private hospital accredited to NHS;2017;2017;4.15;;
ITG;Isole;18;hospitals;PRVHOSPNHS;private hospital accredited to NHS;2017;2017;67;;
ITG;Isole;25;inpatient beddays in hospital;PRVHOSPNHS;private hospital accredited to NHS;2017;2017;1093897;;
ITG;Isole;30;day hospital beddays;PRVHOSPNHS;private hospital accredited to NHS;2017;2017;84218;;
ITG;Isole;118;day hospital discharges;PRVHOSPNHS;private hospital accredited to NHS;2017;2017;41641;;
ITG;Isole;119;day hospital discharges per 1,000 inhabitants;PRVHOSPNHS;private hospital accredited to NHS;2017;2017;6.22;;
ITG1;Sicilia;18;hospitals;PRVHOSPNHS;private hospital accredited to NHS;2017;2017;59;;
ITG1;Sicilia;25;inpatient beddays in hospital;PRVHOSPNHS;private hospital accredited to NHS;2017;2017;946555;;
ITG1;Sicilia;30;day hospital beddays;PRVHOSPNHS;private hospital accredited to NHS;2017;2017;70908;;
ITG1;Sicilia;118;day hospital discharges;PRVHOSPNHS;private hospital accredited to NHS;2017;2017;29984;;
ITG1;Sicilia;119;day hospital discharges per 1,000 inhabitants;PRVHOSPNHS;private hospital accredited to NHS;2017;2017;5.95;;
ITG2;Sardegna;18;hospitals;PRVHOSPNHS;private hospital accredited to NHS;2017;2017;8;;
ITG2;Sardegna;25;inpatient beddays in hospital;PRVHOSPNHS;private hospital accredited to NHS;2017;2017;147342;;
ITG2;Sardegna;30;day hospital beddays;PRVHOSPNHS;private hospital accredited to NHS;2017;2017;13310;;
ITG2;Sardegna;118;day hospital discharges;PRVHOSPNHS;private hospital accredited to NHS;2017;2017;11657;;
ITG2;Sardegna;119;day hospital discharges per 1,000 inhabitants;PRVHOSPNHS;private hospital accredited to NHS;2017;2017;7.06;;
IT;Italy;18;hospitals;TOT;total;2017;2017;1055;;
IT;Italy;25;inpatient beddays in hospital;TOT;total;2017;2017;53718049;;
IT;Italy;30;day hospital beddays;TOT;total;2017;2017;5122494;;
IT;Italy;118;day hospital discharges;TOT;total;2017;2017;1847014;;
IT;Italy;119;day hospital discharges per 1,000 inhabitants;TOT;total;2017;2017;30.51;;
ITCD;Nord;18;hospitals;TOT;total;2017;2017;423;;
ITCD;Nord;25;inpatient beddays in hospital;TOT;total;2017;2017;27760529;;
ITCD;Nord;30;day hospital beddays;TOT;total;2017;2017;1687418;;
ITCD;Nord;118;day hospital discharges;TOT;total;2017;2017;735979;;
ITCD;Nord;119;day hospital discharges per 1,000 inhabitants;TOT;total;2017;2017;26.53;;
ITC;Nord-ovest;18;hospitals;TOT;total;2017;2017;274;;
ITC;Nord-ovest;25;inpatient beddays in hospital;TOT;total;2017;2017;16077491;;
ITC;Nord-ovest;30;day hospital beddays;TOT;total;2017;2017;891083;;
ITC;Nord-ovest;118;day hospital discharges;TOT;total;2017;2017;423631;;
ITC;Nord-ovest;119;day hospital discharges per 1,000 inhabitants;TOT;total;2017;2017;26.31;;
ITC1;Piemonte;18;hospitals;TOT;total;2017;2017;74;;
ITC1;Piemonte;25;inpatient beddays in hospital;TOT;total;2017;2017;4284091;;
ITC1;Piemonte;30;day hospital beddays;TOT;total;2017;2017;287477;;
ITC1;Piemonte;118;day hospital discharges;TOT;total;2017;2017;121418;;
ITC1;Piemonte;119;day hospital discharges per 1,000 inhabitants;TOT;total;2017;2017;27.69;;
ITC2;Valle d'Aosta / Vallée d'Aoste;18;hospitals;TOT;total;2017;2017;2;;
ITC2;Valle d'Aosta / Vallée d'Aoste;25;inpatient beddays in hospital;TOT;total;2017;2017;125708;;
ITC2;Valle d'Aosta / Vallée d'Aoste;30;day hospital beddays;TOT;total;2017;2017;16476;;
ITC2;Valle d'Aosta / Vallée d'Aoste;118;day hospital discharges;TOT;total;2017;2017;5657;;
ITC2;Valle d'Aosta / Vallée d'Aoste;119;day hospital discharges per 1,000 inhabitants;TOT;total;2017;2017;44.7;;
ITC3;Liguria;18;hospitals;TOT;total;2017;2017;16;;
ITC3;Liguria;25;inpatient beddays in hospital;TOT;total;2017;2017;1593388;;
ITC3;Liguria;30;day hospital beddays;TOT;total;2017;2017;290023;;
ITC3;Liguria;118;day hospital discharges;TOT;total;2017;2017;66695;;
ITC3;Liguria;119;day hospital discharges per 1,000 inhabitants;TOT;total;2017;2017;42.72;;
ITC4;Lombardia;18;hospitals;TOT;total;2017;2017;182;;
ITC4;Lombardia;25;inpatient beddays in hospital;TOT;total;2017;2017;10074304;;
ITC4;Lombardia;30;day hospital beddays;TOT;total;2017;2017;297107;;
ITC4;Lombardia;118;day hospital discharges;TOT;total;2017;2017;229861;;
ITC4;Lombardia;119;day hospital discharges per 1,000 inhabitants;TOT;total;2017;2017;22.92;;
ITD;Nord-est;18;hospitals;TOT;total;2017;2017;149;;
ITD;Nord-est;25;inpatient beddays in hospital;TOT;total;2017;2017;11683038;;
ITD;Nord-est;30;day hospital beddays;TOT;total;2017;2017;796335;;
ITD;Nord-est;118;day hospital discharges;TOT;total;2017;2017;312348;;
ITD;Nord-est;119;day hospital discharges per 1,000 inhabitants;TOT;total;2017;2017;26.84;;
ITDA;Trentino Alto Adige / Südtirol;18;hospitals;TOT;total;2017;2017;26;;
ITDA;Trentino Alto Adige / Südtirol;25;inpatient beddays in hospital;TOT;total;2017;2017;1123639;;
ITDA;Trentino Alto Adige / Südtirol;30;day hospital beddays;TOT;total;2017;2017;93120;;
ITDA;Trentino Alto Adige / Südtirol;118;day hospital discharges;TOT;total;2017;2017;37142;;
ITDA;Trentino Alto Adige / Südtirol;119;day hospital discharges per 1,000 inhabitants;TOT;total;2017;2017;34.87;;
ITD1;Provincia Autonoma Bolzano / Bozen;18;hospitals;TOT;total;2017;2017;13;;
ITD1;Provincia Autonoma Bolzano / Bozen;25;inpatient beddays in hospital;TOT;total;2017;2017;548340;;
ITD1;Provincia Autonoma Bolzano / Bozen;30;day hospital beddays;TOT;total;2017;2017;30041;;
ITD1;Provincia Autonoma Bolzano / Bozen;118;day hospital discharges;TOT;total;2017;2017;16175;;
ITD1;Provincia Autonoma Bolzano / Bozen;119;day hospital discharges per 1,000 inhabitants;TOT;total;2017;2017;30.75;;
ITD2;Provincia Autonoma Trento;18;hospitals;TOT;total;2017;2017;13;;
ITD2;Provincia Autonoma Trento;25;inpatient beddays in hospital;TOT;total;2017;2017;575299;;
ITD2;Provincia Autonoma Trento;30;day hospital beddays;TOT;total;2017;2017;63079;;
ITD2;Provincia Autonoma Trento;118;day hospital discharges;TOT;total;2017;2017;20967;;
ITD2;Provincia Autonoma Trento;119;day hospital discharges per 1,000 inhabitants;TOT;total;2017;2017;38.88;;
ITD3;Veneto;18;hospitals;TOT;total;2017;2017;40;;
ITD3;Veneto;25;inpatient beddays in hospital;TOT;total;2017;2017;4707719;;
ITD3;Veneto;30;day hospital beddays;TOT;total;2017;2017;233924;;
ITD3;Veneto;118;day hospital discharges;TOT;total;2017;2017;113522;;
ITD3;Veneto;119;day hospital discharges per 1,000 inhabitants;TOT;total;2017;2017;23.14;;
ITD4;Friuli-Venezia Giulia;18;hospitals;TOT;total;2017;2017;15;;
ITD4;Friuli-Venezia Giulia;25;inpatient beddays in hospital;TOT;total;2017;2017;1077133;;
ITD4;Friuli-Venezia Giulia;30;day hospital beddays;TOT;total;2017;2017;142280;;
ITD4;Friuli-Venezia Giulia;118;day hospital discharges;TOT;total;2017;2017;38658;;
ITD4;Friuli-Venezia Giulia;119;day hospital discharges per 1,000 inhabitants;TOT;total;2017;2017;31.77;;
ITD5;Emilia-Romagna;18;hospitals;TOT;total;2017;2017;68;;
ITD5;Emilia-Romagna;25;inpatient beddays in hospital;TOT;total;2017;2017;4774547;;
ITD5;Emilia-Romagna;30;day hospital beddays;TOT;total;2017;2017;327011;;
ITD5;Emilia-Romagna;118;day hospital discharges;TOT;total;2017;2017;123026;;
ITD5;Emilia-Romagna;119;day hospital discharges per 1,000 inhabitants;TOT;total;2017;2017;27.64;;
ITE;Centro (I);18;hospitals;TOT;total;2017;2017;211;;
ITE;Centro (I);25;inpatient beddays in hospital;TOT;total;2017;2017;10365678;;
ITE;Centro (I);30;day hospital beddays;TOT;total;2017;2017;1422034;;
ITE;Centro (I);118;day hospital discharges;TOT;total;2017;2017;473027;;
ITE;Centro (I);119;day hospital discharges per 1,000 inhabitants;TOT;total;2017;2017;39.23;;
ITE1;Toscana;18;hospitals;TOT;total;2017;2017;62;;
ITE1;Toscana;25;inpatient beddays in hospital;TOT;total;2017;2017;2896163;;
ITE1;Toscana;30;day hospital beddays;TOT;total;2017;2017;338735;;
ITE1;Toscana;118;day hospital discharges;TOT;total;2017;2017;130172;;
ITE1;Toscana;119;day hospital discharges per 1,000 inhabitants;TOT;total;2017;2017;34.81;;
ITE2;Umbria;18;hospitals;TOT;total;2017;2017;16;;
ITE2;Umbria;25;inpatient beddays in hospital;TOT;total;2017;2017;815267;;
ITE2;Umbria;30;day hospital beddays;TOT;total;2017;2017;76240;;
ITE2;Umbria;118;day hospital discharges;TOT;total;2017;2017;25388;;
ITE2;Umbria;119;day hospital discharges per 1,000 inhabitants;TOT;total;2017;2017;28.63;;
ITE3;Marche;18;hospitals;TOT;total;2017;2017;16;;
ITE3;Marche;25;inpatient beddays in hospital;TOT;total;2017;2017;1377454;;
ITE3;Marche;30;day hospital beddays;TOT;total;2017;2017;176409;;
ITE3;Marche;118;day hospital discharges;TOT;total;2017;2017;54370;;
ITE3;Marche;119;day hospital discharges per 1,000 inhabitants;TOT;total;2017;2017;35.42;;
ITE4;Lazio;18;hospitals;TOT;total;2017;2017;117;;
ITE4;Lazio;25;inpatient beddays in hospital;TOT;total;2017;2017;5276794;;
ITE4;Lazio;30;day hospital beddays;TOT;total;2017;2017;830650;;
ITE4;Lazio;118;day hospital discharges;TOT;total;2017;2017;263097;;
ITE4;Lazio;119;day hospital discharges per 1,000 inhabitants;TOT;total;2017;2017;44.61;;
ITFG;Mezzogiorno;18;hospitals;TOT;total;2017;2017;421;;
ITFG;Mezzogiorno;25;inpatient beddays in hospital;TOT;total;2017;2017;15591842;;
ITFG;Mezzogiorno;30;day hospital beddays;TOT;total;2017;2017;2013042;;
ITFG;Mezzogiorno;118;day hospital discharges;TOT;total;2017;2017;638008;;
ITFG;Mezzogiorno;119;day hospital discharges per 1,000 inhabitants;TOT;total;2017;2017;30.76;;
ITF;Sud;18;hospitals;TOT;total;2017;2017;263;;
ITF;Sud;25;inpatient beddays in hospital;TOT;total;2017;2017;10515185;;
ITF;Sud;30;day hospital beddays;TOT;total;2017;2017;1474170;;
ITF;Sud;118;day hospital discharges;TOT;total;2017;2017;458585;;
ITF;Sud;119;day hospital discharges per 1,000 inhabitants;TOT;total;2017;2017;32.65;;
ITF1;Abruzzo;18;hospitals;TOT;total;2017;2017;27;;
ITF1;Abruzzo;25;inpatient beddays in hospital;TOT;total;2017;2017;1159690;;
ITF1;Abruzzo;30;day hospital beddays;TOT;total;2017;2017;99684;;
ITF1;Abruzzo;118;day hospital discharges;TOT;total;2017;2017;41992;;
ITF1;Abruzzo;119;day hospital discharges per 1,000 inhabitants;TOT;total;2017;2017;31.84;;
ITF2;Molise;18;hospitals;TOT;total;2017;2017;8;;
ITF2;Molise;25;inpatient beddays in hospital;TOT;total;2017;2017;295260;;
ITF2;Molise;30;day hospital beddays;TOT;total;2017;2017;35926;;
ITF2;Molise;118;day hospital discharges;TOT;total;2017;2017;12106;;
ITF2;Molise;119;day hospital discharges per 1,000 inhabitants;TOT;total;2017;2017;39.12;;
ITF3;Campania;18;hospitals;TOT;total;2017;2017;110;;
ITF3;Campania;25;inpatient beddays in hospital;TOT;total;2017;2017;4074862;;
ITF3;Campania;30;day hospital beddays;TOT;total;2017;2017;1008002;;
ITF3;Campania;118;day hospital discharges;TOT;total;2017;2017;295291;;
ITF3;Campania;119;day hospital discharges per 1,000 inhabitants;TOT;total;2017;2017;50.62;;
ITF4;Puglia;18;hospitals;TOT;total;2017;2017;60;;
ITF4;Puglia;25;inpatient beddays in hospital;TOT;total;2017;2017;3292515;;
ITF4;Puglia;30;day hospital beddays;TOT;total;2017;2017;118226;;
ITF4;Puglia;118;day hospital discharges;TOT;total;2017;2017;48368;;
ITF4;Puglia;119;day hospital discharges per 1,000 inhabitants;TOT;total;2017;2017;11.92;;
ITF5;Basilicata;18;hospitals;TOT;total;2017;2017;10;;
ITF5;Basilicata;25;inpatient beddays in hospital;TOT;total;2017;2017;453555;;
ITF5;Basilicata;30;day hospital beddays;TOT;total;2017;2017;57172;;
ITF5;Basilicata;118;day hospital discharges;TOT;total;2017;2017;15702;;
ITF5;Basilicata;119;day hospital discharges per 1,000 inhabitants;TOT;total;2017;2017;27.61;;
ITF6;Calabria;18;hospitals;TOT;total;2017;2017;48;;
ITF6;Calabria;25;inpatient beddays in hospital;TOT;total;2017;2017;1239303;;
ITF6;Calabria;30;day hospital beddays;TOT;total;2017;2017;155160;;
ITF6;Calabria;118;day hospital discharges;TOT;total;2017;2017;45126;;
ITF6;Calabria;119;day hospital discharges per 1,000 inhabitants;TOT;total;2017;2017;23.01;;
ITG;Isole;18;hospitals;TOT;total;2017;2017;158;;
ITG;Isole;25;inpatient beddays in hospital;TOT;total;2017;2017;5076657;;
ITG;Isole;30;day hospital beddays;TOT;total;2017;2017;538872;;
ITG;Isole;118;day hospital discharges;TOT;total;2017;2017;179423;;
ITG;Isole;119;day hospital discharges per 1,000 inhabitants;TOT;total;2017;2017;26.8;;
ITG1;Sicilia;18;hospitals;TOT;total;2017;2017;125;;
ITG1;Sicilia;25;inpatient beddays in hospital;TOT;total;2017;2017;3808309;;
ITG1;Sicilia;30;day hospital beddays;TOT;total;2017;2017;331220;;
ITG1;Sicilia;118;day hospital discharges;TOT;total;2017;2017;110616;;
ITG1;Sicilia;119;day hospital discharges per 1,000 inhabitants;TOT;total;2017;2017;21.94;;
ITG2;Sardegna;18;hospitals;TOT;total;2017;2017;33;;
ITG2;Sardegna;25;inpatient beddays in hospital;TOT;total;2017;2017;1268348;;
ITG2;Sardegna;30;day hospital beddays;TOT;total;2017;2017;207652;;
ITG2;Sardegna;118;day hospital discharges;TOT;total;2017;2017;68807;;
ITG2;Sardegna;119;day hospital discharges per 1,000 inhabitants;TOT;total;2017;2017;41.65;;
IT;Italy;18;hospitals;PUBHOSP;public hospital;2017;2017;576;;
IT;Italy;25;inpatient beddays in hospital;PUBHOSP;public hospital;2017;2017;38187714;;
IT;Italy;30;day hospital beddays;PUBHOSP;public hospital;2017;2017;3864993;;
IT;Italy;118;day hospital discharges;PUBHOSP;public hospital;2017;2017;1315327;;
IT;Italy;119;day hospital discharges per 1,000 inhabitants;PUBHOSP;public hospital;2017;2017;21.73;;
ITCD;Nord;18;hospitals;PUBHOSP;public hospital;2017;2017;236;;
ITCD;Nord;25;inpatient beddays in hospital;PUBHOSP;public hospital;2017;2017;20040771;;
ITCD;Nord;30;day hospital beddays;PUBHOSP;public hospital;2017;2017;1337244;;
ITCD;Nord;118;day hospital discharges;PUBHOSP;public hospital;2017;2017;549923;;
ITCD;Nord;119;day hospital discharges per 1,000 inhabitants;PUBHOSP;public hospital;2017;2017;19.83;;
ITC;Nord-ovest;18;hospitals;PUBHOSP;public hospital;2017;2017;164;;
ITC;Nord-ovest;25;inpatient beddays in hospital;PUBHOSP;public hospital;2017;2017;10737939;;
ITC;Nord-ovest;30;day hospital beddays;PUBHOSP;public hospital;2017;2017;700973;;
ITC;Nord-ovest;118;day hospital discharges;PUBHOSP;public hospital;2017;2017;305057;;
ITC;Nord-ovest;119;day hospital discharges per 1,000 inhabitants;PUBHOSP;public hospital;2017;2017;18.95;;
ITC1;Piemonte;18;hospitals;PUBHOSP;public hospital;2017;2017;36;;
ITC1;Piemonte;25;inpatient beddays in hospital;PUBHOSP;public hospital;2017;2017;3019743;;
ITC1;Piemonte;30;day hospital beddays;PUBHOSP;public hospital;2017;2017;251325;;
ITC1;Piemonte;118;day hospital discharges;PUBHOSP;public hospital;2017;2017;108283;;
ITC1;Piemonte;119;day hospital discharges per 1,000 inhabitants;PUBHOSP;public hospital;2017;2017;24.7;;
ITC2;Valle d'Aosta / Vallée d'Aoste;18;hospitals;PUBHOSP;public hospital;2017;2017;1;;
ITC2;Valle d'Aosta / Vallée d'Aoste;25;inpatient beddays in hospital;PUBHOSP;public hospital;2017;2017;108717;;
ITC2;Valle d'Aosta / Vallée d'Aoste;30;day hospital beddays;PUBHOSP;public hospital;2017;2017;16448;;
ITC2;Valle d'Aosta / Vallée d'Aoste;118;day hospital discharges;PUBHOSP;public hospital;2017;2017;5628;;
ITC2;Valle d'Aosta / Vallée d'Aoste;119;day hospital discharges per 1,000 inhabitants;PUBHOSP;public hospital;2017;2017;44.48;;
ITC3;Liguria;18;hospitals;PUBHOSP;public hospital;2017;2017;11;;
ITC3;Liguria;25;inpatient beddays in hospital;PUBHOSP;public hospital;2017;2017;1320383;;
ITC3;Liguria;30;day hospital beddays;PUBHOSP;public hospital;2017;2017;254167;;
ITC3;Liguria;118;day hospital discharges;PUBHOSP;public hospital;2017;2017;56518;;
ITC3;Liguria;119;day hospital discharges per 1,000 inhabitants;PUBHOSP;public hospital;2017;2017;36.2;;
ITC4;Lombardia;18;hospitals;PUBHOSP;public hospital;2017;2017;116;;
ITC4;Lombardia;25;inpatient beddays in hospital;PUBHOSP;public hospital;2017;2017;6289096;;
ITC4;Lombardia;30;day hospital beddays;PUBHOSP;public hospital;2017;2017;179033;;
ITC4;Lombardia;118;day hospital discharges;PUBHOSP;public hospital;2017;2017;134628;;
ITC4;Lombardia;119;day hospital discharges per 1,000 inhabitants;PUBHOSP;public hospital;2017;2017;13.43;;
ITD;Nord-est;18;hospitals;PUBHOSP;public hospital;2017;2017;72;;
ITD;Nord-est;25;inpatient beddays in hospital;PUBHOSP;public hospital;2017;2017;9302832;;
ITD;Nord-est;30;day hospital beddays;PUBHOSP;public hospital;2017;2017;636271;;
ITD;Nord-est;118;day hospital discharges;PUBHOSP;public hospital;2017;2017;244866;;
ITD;Nord-est;119;day hospital discharges per 1,000 inhabitants;PUBHOSP;public hospital;2017;2017;21.04;;
ITDA;Trentino Alto Adige / Südtirol;18;hospitals;PUBHOSP;public hospital;2017;2017;15;;
ITDA;Trentino Alto Adige / Südtirol;25;inpatient beddays in hospital;PUBHOSP;public hospital;2017;2017;820332;;
ITDA;Trentino Alto Adige / Südtirol;30;day hospital beddays;PUBHOSP;public hospital;2017;2017;88470;;
ITDA;Trentino Alto Adige / Südtirol;118;day hospital discharges;PUBHOSP;public hospital;2017;2017;35194;;
ITDA;Trentino Alto Adige / Südtirol;119;day hospital discharges per 1,000 inhabitants;PUBHOSP;public hospital;2017;2017;33.04;;
ITD1;Provincia Autonoma Bolzano / Bozen;18;hospitals;PUBHOSP;public hospital;2017;2017;7;;
ITD1;Provincia Autonoma Bolzano / Bozen;25;inpatient beddays in hospital;PUBHOSP;public hospital;2017;2017;453258;;
ITD1;Provincia Autonoma Bolzano / Bozen;30;day hospital beddays;PUBHOSP;public hospital;2017;2017;30041;;
ITD1;Provincia Autonoma Bolzano / Bozen;118;day hospital discharges;PUBHOSP;public hospital;2017;2017;16175;;
ITD1;Provincia Autonoma Bolzano / Bozen;119;day hospital discharges per 1,000 inhabitants;PUBHOSP;public hospital;2017;2017;30.75;;
ITD2;Provincia Autonoma Trento;18;hospitals;PUBHOSP;public hospital;2017;2017;8;;
ITD2;Provincia Autonoma Trento;25;inpatient beddays in hospital;PUBHOSP;public hospital;2017;2017;367074;;
ITD2;Provincia Autonoma Trento;30;day hospital beddays;PUBHOSP;public hospital;2017;2017;58429;;
ITD2;Provincia Autonoma Trento;118;day hospital discharges;PUBHOSP;public hospital;2017;2017;19019;;
ITD2;Provincia Autonoma Trento;119;day hospital discharges per 1,000 inhabitants;PUBHOSP;public hospital;2017;2017;35.27;;
ITD3;Veneto;18;hospitals;PUBHOSP;public hospital;2017;2017;23;;
ITD3;Veneto;25;inpatient beddays in hospital;PUBHOSP;public hospital;2017;2017;3788183;;
ITD3;Veneto;30;day hospital beddays;PUBHOSP;public hospital;2017;2017;142437;;
ITD3;Veneto;118;day hospital discharges;PUBHOSP;public hospital;2017;2017;81608;;
ITD3;Veneto;119;day hospital discharges per 1,000 inhabitants;PUBHOSP;public hospital;2017;2017;16.63;;
ITD4;Friuli-Venezia Giulia;18;hospitals;PUBHOSP;public hospital;2017;2017;10;;
ITD4;Friuli-Venezia Giulia;25;inpatient beddays in hospital;PUBHOSP;public hospital;2017;2017;999925;;
ITD4;Friuli-Venezia Giulia;30;day hospital beddays;PUBHOSP;public hospital;2017;2017;133032;;
ITD4;Friuli-Venezia Giulia;118;day hospital discharges;PUBHOSP;public hospital;2017;2017;30961;;
ITD4;Friuli-Venezia Giulia;119;day hospital discharges per 1,000 inhabitants;PUBHOSP;public hospital;2017;2017;25.45;;
ITD5;Emilia-Romagna;18;hospitals;PUBHOSP;public hospital;2017;2017;24;;
ITD5;Emilia-Romagna;25;inpatient beddays in hospital;PUBHOSP;public hospital;2017;2017;3694392;;
ITD5;Emilia-Romagna;30;day hospital beddays;PUBHOSP;public hospital;2017;2017;272332;;
ITD5;Emilia-Romagna;118;day hospital discharges;PUBHOSP;public hospital;2017;2017;97103;;
ITD5;Emilia-Romagna;119;day hospital discharges per 1,000 inhabitants;PUBHOSP;public hospital;2017;2017;21.82;;
ITE;Centro (I);18;hospitals;PUBHOSP;public hospital;2017;2017;115;;
ITE;Centro (I);25;inpatient beddays in hospital;PUBHOSP;public hospital;2017;2017;6967516;;
ITE;Centro (I);30;day hospital beddays;PUBHOSP;public hospital;2017;2017;953138;;
ITE;Centro (I);118;day hospital discharges;PUBHOSP;public hospital;2017;2017;293858;;
ITE;Centro (I);119;day hospital discharges per 1,000 inhabitants;PUBHOSP;public hospital;2017;2017;24.37;;
ITE1;Toscana;18;hospitals;PUBHOSP;public hospital;2017;2017;40;;
ITE1;Toscana;25;inpatient beddays in hospital;PUBHOSP;public hospital;2017;2017;2484519;;
ITE1;Toscana;30;day hospital beddays;PUBHOSP;public hospital;2017;2017;309500;;
ITE1;Toscana;118;day hospital discharges;PUBHOSP;public hospital;2017;2017;116546;;
ITE1;Toscana;119;day hospital discharges per 1,000 inhabitants;PUBHOSP;public hospital;2017;2017;31.16;;
ITE2;Umbria;18;hospitals;PUBHOSP;public hospital;2017;2017;10;;
ITE2;Umbria;25;inpatient beddays in hospital;PUBHOSP;public hospital;2017;2017;785962;;
ITE2;Umbria;30;day hospital beddays;PUBHOSP;public hospital;2017;2017;74249;;
ITE2;Umbria;118;day hospital discharges;PUBHOSP;public hospital;2017;2017;23396;;
ITE2;Umbria;119;day hospital discharges per 1,000 inhabitants;PUBHOSP;public hospital;2017;2017;26.38;;
ITE3;Marche;18;hospitals;PUBHOSP;public hospital;2017;2017;8;;
ITE3;Marche;25;inpatient beddays in hospital;PUBHOSP;public hospital;2017;2017;1153415;;
ITE3;Marche;30;day hospital beddays;PUBHOSP;public hospital;2017;2017;165448;;
ITE3;Marche;118;day hospital discharges;PUBHOSP;public hospital;2017;2017;44504;;
ITE3;Marche;119;day hospital discharges per 1,000 inhabitants;PUBHOSP;public hospital;2017;2017;28.99;;
ITE4;Lazio;18;hospitals;PUBHOSP;public hospital;2017;2017;57;;
ITE4;Lazio;25;inpatient beddays in hospital;PUBHOSP;public hospital;2017;2017;2543620;;
ITE4;Lazio;30;day hospital beddays;PUBHOSP;public hospital;2017;2017;403941;;
ITE4;Lazio;118;day hospital discharges;PUBHOSP;public hospital;2017;2017;109412;;
ITE4;Lazio;119;day hospital discharges per 1,000 inhabitants;PUBHOSP;public hospital;2017;2017;18.55;;
ITFG;Mezzogiorno;18;hospitals;PUBHOSP;public hospital;2017;2017;225;;
ITFG;Mezzogiorno;25;inpatient beddays in hospital;PUBHOSP;public hospital;2017;2017;11179427;;
ITFG;Mezzogiorno;30;day hospital beddays;PUBHOSP;public hospital;2017;2017;1574611;;
ITFG;Mezzogiorno;118;day hospital discharges;PUBHOSP;public hospital;2017;2017;471546;;
ITFG;Mezzogiorno;119;day hospital discharges per 1,000 inhabitants;PUBHOSP;public hospital;2017;2017;22.74;;
ITF;Sud;18;hospitals;PUBHOSP;public hospital;2017;2017;134;;
ITF;Sud;25;inpatient beddays in hospital;PUBHOSP;public hospital;2017;2017;7196667;;
ITF;Sud;30;day hospital beddays;PUBHOSP;public hospital;2017;2017;1119957;;
ITF;Sud;118;day hospital discharges;PUBHOSP;public hospital;2017;2017;333764;;
ITF;Sud;119;day hospital discharges per 1,000 inhabitants;PUBHOSP;public hospital;2017;2017;23.76;;
ITF1;Abruzzo;18;hospitals;PUBHOSP;public hospital;2017;2017;17;;
ITF1;Abruzzo;25;inpatient beddays in hospital;PUBHOSP;public hospital;2017;2017;911374;;
ITF1;Abruzzo;30;day hospital beddays;PUBHOSP;public hospital;2017;2017;83235;;
ITF1;Abruzzo;118;day hospital discharges;PUBHOSP;public hospital;2017;2017;32340;;
ITF1;Abruzzo;119;day hospital discharges per 1,000 inhabitants;PUBHOSP;public hospital;2017;2017;24.52;;
ITF2;Molise;18;hospitals;PUBHOSP;public hospital;2017;2017;5;;
ITF2;Molise;25;inpatient beddays in hospital;PUBHOSP;public hospital;2017;2017;181812;;
ITF2;Molise;30;day hospital beddays;PUBHOSP;public hospital;2017;2017;25781;;
ITF2;Molise;118;day hospital discharges;PUBHOSP;public hospital;2017;2017;6961;;
ITF2;Molise;119;day hospital discharges per 1,000 inhabitants;PUBHOSP;public hospital;2017;2017;22.49;;
ITF3;Campania;18;hospitals;PUBHOSP;public hospital;2017;2017;47;;
ITF3;Campania;25;inpatient beddays in hospital;PUBHOSP;public hospital;2017;2017;2582769;;
ITF3;Campania;30;day hospital beddays;PUBHOSP;public hospital;2017;2017;718669;;
ITF3;Campania;118;day hospital discharges;PUBHOSP;public hospital;2017;2017;203316;;
ITF3;Campania;119;day hospital discharges per 1,000 inhabitants;PUBHOSP;public hospital;2017;2017;34.86;;
ITF4;Puglia;18;hospitals;PUBHOSP;public hospital;2017;2017;34;;
ITF4;Puglia;25;inpatient beddays in hospital;PUBHOSP;public hospital;2017;2017;2144336;;
ITF4;Puglia;30;day hospital beddays;PUBHOSP;public hospital;2017;2017;100117;;
ITF4;Puglia;118;day hospital discharges;PUBHOSP;public hospital;2017;2017;38455;;
ITF4;Puglia;119;day hospital discharges per 1,000 inhabitants;PUBHOSP;public hospital;2017;2017;9.48;;
ITF5;Basilicata;18;hospitals;PUBHOSP;public hospital;2017;2017;9;;
ITF5;Basilicata;25;inpatient beddays in hospital;PUBHOSP;public hospital;2017;2017;442746;;
ITF5;Basilicata;30;day hospital beddays;PUBHOSP;public hospital;2017;2017;57172;;
ITF5;Basilicata;118;day hospital discharges;PUBHOSP;public hospital;2017;2017;15702;;
ITF5;Basilicata;119;day hospital discharges per 1,000 inhabitants;PUBHOSP;public hospital;2017;2017;27.61;;
ITF6;Calabria;18;hospitals;PUBHOSP;public hospital;2017;2017;22;;
ITF6;Calabria;25;inpatient beddays in hospital;PUBHOSP;public hospital;2017;2017;933630;;
ITF6;Calabria;30;day hospital beddays;PUBHOSP;public hospital;2017;2017;134983;;
ITF6;Calabria;118;day hospital discharges;PUBHOSP;public hospital;2017;2017;36990;;
ITF6;Calabria;119;day hospital discharges per 1,000 inhabitants;PUBHOSP;public hospital;2017;2017;18.86;;
ITG;Isole;18;hospitals;PUBHOSP;public hospital;2017;2017;91;;
ITG;Isole;25;inpatient beddays in hospital;PUBHOSP;public hospital;2017;2017;3982760;;
ITG;Isole;30;day hospital beddays;PUBHOSP;public hospital;2017;2017;454654;;
ITG;Isole;118;day hospital discharges;PUBHOSP;public hospital;2017;2017;137782;;
ITG;Isole;119;day hospital discharges per 1,000 inhabitants;PUBHOSP;public hospital;2017;2017;20.58;;
ITG1;Sicilia;18;hospitals;PUBHOSP;public hospital;2017;2017;66;;
ITG1;Sicilia;25;inpatient beddays in hospital;PUBHOSP;public hospital;2017;2017;2861754;;
ITG1;Sicilia;30;day hospital beddays;PUBHOSP;public hospital;2017;2017;260312;;
ITG1;Sicilia;118;day hospital discharges;PUBHOSP;public hospital;2017;2017;80632;;
ITG1;Sicilia;119;day hospital discharges per 1,000 inhabitants;PUBHOSP;public hospital;2017;2017;15.99;;
ITG2;Sardegna;18;hospitals;PUBHOSP;public hospital;2017;2017;25;;
ITG2;Sardegna;25;inpatient beddays in hospital;PUBHOSP;public hospital;2017;2017;1121006;;
ITG2;Sardegna;30;day hospital beddays;PUBHOSP;public hospital;2017;2017;194342;;
ITG2;Sardegna;118;day hospital discharges;PUBHOSP;public hospital;2017;2017;57150;;
ITG2;Sardegna;119;day hospital discharges per 1,000 inhabitants;PUBHOSP;public hospital;2017;2017;34.6;;
IT;Italy;122;inpatient hospital discharges;PRVHOSPNHS;private hospital accredited to NHS;2017;2017;1706442;;
IT;Italy;123;inpatient hospital discharges per 1,000 inhabitants;PRVHOSPNHS;private hospital accredited to NHS;2017;2017;28.19;;
ITCD;Nord;122;inpatient hospital discharges;PRVHOSPNHS;private hospital accredited to NHS;2017;2017;788197;;
ITCD;Nord;123;inpatient hospital discharges per 1,000 inhabitants;PRVHOSPNHS;private hospital accredited to NHS;2017;2017;28.42;;
ITC;Nord-ovest;122;inpatient hospital discharges;PRVHOSPNHS;private hospital accredited to NHS;2017;2017;549779;;
ITC;Nord-ovest;123;inpatient hospital discharges per 1,000 inhabitants;PRVHOSPNHS;private hospital accredited to NHS;2017;2017;34.15;;
ITC1;Piemonte;122;inpatient hospital discharges;PRVHOSPNHS;private hospital accredited to NHS;2017;2017;90477;;
ITC1;Piemonte;123;inpatient hospital discharges per 1,000 inhabitants;PRVHOSPNHS;private hospital accredited to NHS;2017;2017;20.64;;
ITC2;Valle d'Aosta / Vallée d'Aoste;122;inpatient hospital discharges;PRVHOSPNHS;private hospital accredited to NHS;2017;2017;1661;;
ITC2;Valle d'Aosta / Vallée d'Aoste;123;inpatient hospital discharges per 1,000 inhabitants;PRVHOSPNHS;private hospital accredited to NHS;2017;2017;13.13;;
ITC3;Liguria;122;inpatient hospital discharges;PRVHOSPNHS;private hospital accredited to NHS;2017;2017;29349;;
ITC3;Liguria;123;inpatient hospital discharges per 1,000 inhabitants;PRVHOSPNHS;private hospital accredited to NHS;2017;2017;18.8;;
ITC4;Lombardia;122;inpatient hospital discharges;PRVHOSPNHS;private hospital accredited to NHS;2017;2017;428292;;
ITC4;Lombardia;123;inpatient hospital discharges per 1,000 inhabitants;PRVHOSPNHS;private hospital accredited to NHS;2017;2017;42.71;;
ITD;Nord-est;122;inpatient hospital discharges;PRVHOSPNHS;private hospital accredited to NHS;2017;2017;238418;;
ITD;Nord-est;123;inpatient hospital discharges per 1,000 inhabitants;PRVHOSPNHS;private hospital accredited to NHS;2017;2017;20.48;;
ITDA;Trentino Alto Adige / Südtirol;122;inpatient hospital discharges;PRVHOSPNHS;private hospital accredited to NHS;2017;2017;17092;;
ITDA;Trentino Alto Adige / Südtirol;123;inpatient hospital discharges per 1,000 inhabitants;PRVHOSPNHS;private hospital accredited to NHS;2017;2017;16.04;;
ITD1;Provincia Autonoma Bolzano / Bozen;122;inpatient hospital discharges;PRVHOSPNHS;private hospital accredited to NHS;2017;2017;4612;;
ITD1;Provincia Autonoma Bolzano / Bozen;123;inpatient hospital discharges per 1,000 inhabitants;PRVHOSPNHS;private hospital accredited to NHS;2017;2017;8.77;;
ITD2;Provincia Autonoma Trento;122;inpatient hospital discharges;PRVHOSPNHS;private hospital accredited to NHS;2017;2017;12480;;
ITD2;Provincia Autonoma Trento;123;inpatient hospital discharges per 1,000 inhabitants;PRVHOSPNHS;private hospital accredited to NHS;2017;2017;23.14;;
ITD3;Veneto;122;inpatient hospital discharges;PRVHOSPNHS;private hospital accredited to NHS;2017;2017;91317;;
ITD3;Veneto;123;inpatient hospital discharges per 1,000 inhabitants;PRVHOSPNHS;private hospital accredited to NHS;2017;2017;18.61;;
ITD4;Friuli-Venezia Giulia;122;inpatient hospital discharges;PRVHOSPNHS;private hospital accredited to NHS;2017;2017;10618;;
ITD4;Friuli-Venezia Giulia;123;inpatient hospital discharges per 1,000 inhabitants;PRVHOSPNHS;private hospital accredited to NHS;2017;2017;8.73;;
ITD5;Emilia-Romagna;122;inpatient hospital discharges;PRVHOSPNHS;private hospital accredited to NHS;2017;2017;119391;;
ITD5;Emilia-Romagna;123;inpatient hospital discharges per 1,000 inhabitants;PRVHOSPNHS;private hospital accredited to NHS;2017;2017;26.83;;
ITE;Centro (I);122;inpatient hospital discharges;PRVHOSPNHS;private hospital accredited to NHS;2017;2017;357855;;
ITE;Centro (I);123;inpatient hospital discharges per 1,000 inhabitants;PRVHOSPNHS;private hospital accredited to NHS;2017;2017;29.68;;
ITE1;Toscana;122;inpatient hospital discharges;PRVHOSPNHS;private hospital accredited to NHS;2017;2017;45410;;
ITE1;Toscana;123;inpatient hospital discharges per 1,000 inhabitants;PRVHOSPNHS;private hospital accredited to NHS;2017;2017;12.14;;
ITE2;Umbria;122;inpatient hospital discharges;PRVHOSPNHS;private hospital accredited to NHS;2017;2017;6948;;
ITE2;Umbria;123;inpatient hospital discharges per 1,000 inhabitants;PRVHOSPNHS;private hospital accredited to NHS;2017;2017;7.84;;
ITE3;Marche;122;inpatient hospital discharges;PRVHOSPNHS;private hospital accredited to NHS;2017;2017;20186;;
ITE3;Marche;123;inpatient hospital discharges per 1,000 inhabitants;PRVHOSPNHS;private hospital accredited to NHS;2017;2017;13.15;;
ITE4;Lazio;122;inpatient hospital discharges;PRVHOSPNHS;private hospital accredited to NHS;2017;2017;285311;;
ITE4;Lazio;123;inpatient hospital discharges per 1,000 inhabitants;PRVHOSPNHS;private hospital accredited to NHS;2017;2017;48.38;;
ITFG;Mezzogiorno;122;inpatient hospital discharges;PRVHOSPNHS;private hospital accredited to NHS;2017;2017;560390;;
ITFG;Mezzogiorno;123;inpatient hospital discharges per 1,000 inhabitants;PRVHOSPNHS;private hospital accredited to NHS;2017;2017;27.02;;
ITF;Sud;122;inpatient hospital discharges;PRVHOSPNHS;private hospital accredited to NHS;2017;2017;425659;;
ITF;Sud;123;inpatient hospital discharges per 1,000 inhabitants;PRVHOSPNHS;private hospital accredited to NHS;2017;2017;30.3;;
ITF1;Abruzzo;122;inpatient hospital discharges;PRVHOSPNHS;private hospital accredited to NHS;2017;2017;26526;;
ITF1;Abruzzo;123;inpatient hospital discharges per 1,000 inhabitants;PRVHOSPNHS;private hospital accredited to NHS;2017;2017;20.11;;
ITF2;Molise;122;inpatient hospital discharges;PRVHOSPNHS;private hospital accredited to NHS;2017;2017;13578;;
ITF2;Molise;123;inpatient hospital discharges per 1,000 inhabitants;PRVHOSPNHS;private hospital accredited to NHS;2017;2017;43.87;;
ITF3;Campania;122;inpatient hospital discharges;PRVHOSPNHS;private hospital accredited to NHS;2017;2017;203443;;
ITF3;Campania;123;inpatient hospital discharges per 1,000 inhabitants;PRVHOSPNHS;private hospital accredited to NHS;2017;2017;34.88;;
ITF4;Puglia;122;inpatient hospital discharges;PRVHOSPNHS;private hospital accredited to NHS;2017;2017;154278;;
ITF4;Puglia;123;inpatient hospital discharges per 1,000 inhabitants;PRVHOSPNHS;private hospital accredited to NHS;2017;2017;38.04;;
ITF5;Basilicata;122;inpatient hospital discharges;PRVHOSPNHS;private hospital accredited to NHS;2017;2017;284;;
ITF5;Basilicata;123;inpatient hospital discharges per 1,000 inhabitants;PRVHOSPNHS;private hospital accredited to NHS;2017;2017;0.5;;
ITF6;Calabria;122;inpatient hospital discharges;PRVHOSPNHS;private hospital accredited to NHS;2017;2017;27550;;
ITF6;Calabria;123;inpatient hospital discharges per 1,000 inhabitants;PRVHOSPNHS;private hospital accredited to NHS;2017;2017;14.05;;
ITG;Isole;122;inpatient hospital discharges;PRVHOSPNHS;private hospital accredited to NHS;2017;2017;134731;;
ITG;Isole;123;inpatient hospital discharges per 1,000 inhabitants;PRVHOSPNHS;private hospital accredited to NHS;2017;2017;20.13;;
ITG1;Sicilia;122;inpatient hospital discharges;PRVHOSPNHS;private hospital accredited to NHS;2017;2017;112552;;
ITG1;Sicilia;123;inpatient hospital discharges per 1,000 inhabitants;PRVHOSPNHS;private hospital accredited to NHS;2017;2017;22.32;;
ITG2;Sardegna;122;inpatient hospital discharges;PRVHOSPNHS;private hospital accredited to NHS;2017;2017;22179;;
ITG2;Sardegna;123;inpatient hospital discharges per 1,000 inhabitants;PRVHOSPNHS;private hospital accredited to NHS;2017;2017;13.43;;
IT;Italy;122;inpatient hospital discharges;TOT;total;2017;2017;6604955;;
IT;Italy;123;inpatient hospital discharges per 1,000 inhabitants;TOT;total;2017;2017;109.1;;
ITCD;Nord;122;inpatient hospital discharges;TOT;total;2017;2017;3281871;;
ITCD;Nord;123;inpatient hospital discharges per 1,000 inhabitants;TOT;total;2017;2017;118.31;;
ITC;Nord-ovest;122;inpatient hospital discharges;TOT;total;2017;2017;1861907;;
ITC;Nord-ovest;123;inpatient hospital discharges per 1,000 inhabitants;TOT;total;2017;2017;115.65;;
ITC1;Piemonte;122;inpatient hospital discharges;TOT;total;2017;2017;470198;;
ITC1;Piemonte;123;inpatient hospital discharges per 1,000 inhabitants;TOT;total;2017;2017;107.25;;
ITC2;Valle d'Aosta / Vallée d'Aoste;122;inpatient hospital discharges;TOT;total;2017;2017;15308;;
ITC2;Valle d'Aosta / Vallée d'Aoste;123;inpatient hospital discharges per 1,000 inhabitants;TOT;total;2017;2017;120.97;;
ITC3;Liguria;122;inpatient hospital discharges;TOT;total;2017;2017;185516;;
ITC3;Liguria;123;inpatient hospital discharges per 1,000 inhabitants;TOT;total;2017;2017;118.83;;
ITC4;Lombardia;122;inpatient hospital discharges;TOT;total;2017;2017;1190885;;
ITC4;Lombardia;123;inpatient hospital discharges per 1,000 inhabitants;TOT;total;2017;2017;118.76;;
ITD;Nord-est;122;inpatient hospital discharges;TOT;total;2017;2017;1419964;;
ITD;Nord-est;123;inpatient hospital discharges per 1,000 inhabitants;TOT;total;2017;2017;122;;
ITDA;Trentino Alto Adige / Südtirol;122;inpatient hospital discharges;TOT;total;2017;2017;126691;;
ITDA;Trentino Alto Adige / Südtirol;123;inpatient hospital discharges per 1,000 inhabitants;TOT;total;2017;2017;118.93;;
ITD1;Provincia Autonoma Bolzano / Bozen;122;inpatient hospital discharges;TOT;total;2017;2017;67951;;
ITD1;Provincia Autonoma Bolzano / Bozen;123;inpatient hospital discharges per 1,000 inhabitants;TOT;total;2017;2017;129.18;;
ITD2;Provincia Autonoma Trento;122;inpatient hospital discharges;TOT;total;2017;2017;58740;;
ITD2;Provincia Autonoma Trento;123;inpatient hospital discharges per 1,000 inhabitants;TOT;total;2017;2017;108.93;;
ITD3;Veneto;122;inpatient hospital discharges;TOT;total;2017;2017;540056;;
ITD3;Veneto;123;inpatient hospital discharges per 1,000 inhabitants;TOT;total;2017;2017;110.07;;
ITD4;Friuli-Venezia Giulia;122;inpatient hospital discharges;TOT;total;2017;2017;138800;;
ITD4;Friuli-Venezia Giulia;123;inpatient hospital discharges per 1,000 inhabitants;TOT;total;2017;2017;114.08;;
ITD5;Emilia-Romagna;122;inpatient hospital discharges;TOT;total;2017;2017;614417;;
ITD5;Emilia-Romagna;123;inpatient hospital discharges per 1,000 inhabitants;TOT;total;2017;2017;138.05;;
ITE;Centro (I);122;inpatient hospital discharges;TOT;total;2017;2017;1280136;;
ITE;Centro (I);123;inpatient hospital discharges per 1,000 inhabitants;TOT;total;2017;2017;106.16;;
ITE1;Toscana;122;inpatient hospital discharges;TOT;total;2017;2017;411654;;
ITE1;Toscana;123;inpatient hospital discharges per 1,000 inhabitants;TOT;total;2017;2017;110.08;;
ITE2;Umbria;122;inpatient hospital discharges;TOT;total;2017;2017;110785;;
ITE2;Umbria;123;inpatient hospital discharges per 1,000 inhabitants;TOT;total;2017;2017;124.93;;
ITE3;Marche;122;inpatient hospital discharges;TOT;total;2017;2017;165701;;
ITE3;Marche;123;inpatient hospital discharges per 1,000 inhabitants;TOT;total;2017;2017;107.96;;
ITE4;Lazio;122;inpatient hospital discharges;TOT;total;2017;2017;591996;;
ITE4;Lazio;123;inpatient hospital discharges per 1,000 inhabitants;TOT;total;2017;2017;100.38;;
ITFG;Mezzogiorno;122;inpatient hospital discharges;TOT;total;2017;2017;2042948;;
ITFG;Mezzogiorno;123;inpatient hospital discharges per 1,000 inhabitants;TOT;total;2017;2017;98.5;;
ITF;Sud;122;inpatient hospital discharges;TOT;total;2017;2017;1404179;;
ITF;Sud;123;inpatient hospital discharges per 1,000 inhabitants;TOT;total;2017;2017;99.96;;
ITF1;Abruzzo;122;inpatient hospital discharges;TOT;total;2017;2017;146787;;
ITF1;Abruzzo;123;inpatient hospital discharges per 1,000 inhabitants;TOT;total;2017;2017;111.31;;
ITF2;Molise;122;inpatient hospital discharges;TOT;total;2017;2017;36628;;
ITF2;Molise;123;inpatient hospital discharges per 1,000 inhabitants;TOT;total;2017;2017;118.36;;
ITF3;Campania;122;inpatient hospital discharges;TOT;total;2017;2017;558772;;
ITF3;Campania;123;inpatient hospital discharges per 1,000 inhabitants;TOT;total;2017;2017;95.8;;
ITF4;Puglia;122;inpatient hospital discharges;TOT;total;2017;2017;446318;;
ITF4;Puglia;123;inpatient hospital discharges per 1,000 inhabitants;TOT;total;2017;2017;110.04;;
ITF5;Basilicata;122;inpatient hospital discharges;TOT;total;2017;2017;56418;;
ITF5;Basilicata;123;inpatient hospital discharges per 1,000 inhabitants;TOT;total;2017;2017;99.2;;
ITF6;Calabria;122;inpatient hospital discharges;TOT;total;2017;2017;159256;;
ITF6;Calabria;123;inpatient hospital discharges per 1,000 inhabitants;TOT;total;2017;2017;81.22;;
ITG;Isole;122;inpatient hospital discharges;TOT;total;2017;2017;638769;;
ITG;Isole;123;inpatient hospital discharges per 1,000 inhabitants;TOT;total;2017;2017;95.43;;
ITG1;Sicilia;122;inpatient hospital discharges;TOT;total;2017;2017;464129;;
ITG1;Sicilia;123;inpatient hospital discharges per 1,000 inhabitants;TOT;total;2017;2017;92.06;;
ITG2;Sardegna;122;inpatient hospital discharges;TOT;total;2017;2017;174640;;
ITG2;Sardegna;123;inpatient hospital discharges per 1,000 inhabitants;TOT;total;2017;2017;105.72;;
IT;Italy;122;inpatient hospital discharges;PUBHOSP;public hospital;2017;2017;4898513;;
IT;Italy;123;inpatient hospital discharges per 1,000 inhabitants;PUBHOSP;public hospital;2017;2017;80.92;;
ITCD;Nord;122;inpatient hospital discharges;PUBHOSP;public hospital;2017;2017;2493674;;
ITCD;Nord;123;inpatient hospital discharges per 1,000 inhabitants;PUBHOSP;public hospital;2017;2017;89.9;;
ITC;Nord-ovest;122;inpatient hospital discharges;PUBHOSP;public hospital;2017;2017;1312128;;
ITC;Nord-ovest;123;inpatient hospital discharges per 1,000 inhabitants;PUBHOSP;public hospital;2017;2017;81.5;;
ITC1;Piemonte;122;inpatient hospital discharges;PUBHOSP;public hospital;2017;2017;379721;;
ITC1;Piemonte;123;inpatient hospital discharges per 1,000 inhabitants;PUBHOSP;public hospital;2017;2017;86.61;;
ITC2;Valle d'Aosta / Vallée d'Aoste;122;inpatient hospital discharges;PUBHOSP;public hospital;2017;2017;13647;;
ITC2;Valle d'Aosta / Vallée d'Aoste;123;inpatient hospital discharges per 1,000 inhabitants;PUBHOSP;public hospital;2017;2017;107.85;;
ITC3;Liguria;122;inpatient hospital discharges;PUBHOSP;public hospital;2017;2017;156167;;
ITC3;Liguria;123;inpatient hospital discharges per 1,000 inhabitants;PUBHOSP;public hospital;2017;2017;100.03;;
ITC4;Lombardia;122;inpatient hospital discharges;PUBHOSP;public hospital;2017;2017;762593;;
ITC4;Lombardia;123;inpatient hospital discharges per 1,000 inhabitants;PUBHOSP;public hospital;2017;2017;76.05;;
ITD;Nord-est;122;inpatient hospital discharges;PUBHOSP;public hospital;2017;2017;1181546;;
ITD;Nord-est;123;inpatient hospital discharges per 1,000 inhabitants;PUBHOSP;public hospital;2017;2017;101.52;;
ITDA;Trentino Alto Adige / Südtirol;122;inpatient hospital discharges;PUBHOSP;public hospital;2017;2017;109599;;
ITDA;Trentino Alto Adige / Südtirol;123;inpatient hospital discharges per 1,000 inhabitants;PUBHOSP;public hospital;2017;2017;102.89;;
ITD1;Provincia Autonoma Bolzano / Bozen;122;inpatient hospital discharges;PUBHOSP;public hospital;2017;2017;63339;;
ITD1;Provincia Autonoma Bolzano / Bozen;123;inpatient hospital discharges per 1,000 inhabitants;PUBHOSP;public hospital;2017;2017;120.42;;
ITD2;Provincia Autonoma Trento;122;inpatient hospital discharges;PUBHOSP;public hospital;2017;2017;46260;;
ITD2;Provincia Autonoma Trento;123;inpatient hospital discharges per 1,000 inhabitants;PUBHOSP;public hospital;2017;2017;85.79;;
ITD3;Veneto;122;inpatient hospital discharges;PUBHOSP;public hospital;2017;2017;448739;;
ITD3;Veneto;123;inpatient hospital discharges per 1,000 inhabitants;PUBHOSP;public hospital;2017;2017;91.46;;
ITD4;Friuli-Venezia Giulia;122;inpatient hospital discharges;PUBHOSP;public hospital;2017;2017;128182;;
ITD4;Friuli-Venezia Giulia;123;inpatient hospital discharges per 1,000 inhabitants;PUBHOSP;public hospital;2017;2017;105.35;;
ITD5;Emilia-Romagna;122;inpatient hospital discharges;PUBHOSP;public hospital;2017;2017;495026;;
ITD5;Emilia-Romagna;123;inpatient hospital discharges per 1,000 inhabitants;PUBHOSP;public hospital;2017;2017;111.22;;
ITE;Centro (I);122;inpatient hospital discharges;PUBHOSP;public hospital;2017;2017;922281;;
ITE;Centro (I);123;inpatient hospital discharges per 1,000 inhabitants;PUBHOSP;public hospital;2017;2017;76.48;;
ITE1;Toscana;122;inpatient hospital discharges;PUBHOSP;public hospital;2017;2017;366244;;
ITE1;Toscana;123;inpatient hospital discharges per 1,000 inhabitants;PUBHOSP;public hospital;2017;2017;97.93;;
ITE2;Umbria;122;inpatient hospital discharges;PUBHOSP;public hospital;2017;2017;103837;;
ITE2;Umbria;123;inpatient hospital discharges per 1,000 inhabitants;PUBHOSP;public hospital;2017;2017;117.1;;
ITE3;Marche;122;inpatient hospital discharges;PUBHOSP;public hospital;2017;2017;145515;;
ITE3;Marche;123;inpatient hospital discharges per 1,000 inhabitants;PUBHOSP;public hospital;2017;2017;94.8;;
ITE4;Lazio;122;inpatient hospital discharges;PUBHOSP;public hospital;2017;2017;306685;;
ITE4;Lazio;123;inpatient hospital discharges per 1,000 inhabitants;PUBHOSP;public hospital;2017;2017;52;;
ITFG;Mezzogiorno;122;inpatient hospital discharges;PUBHOSP;public hospital;2017;2017;1482558;;
ITFG;Mezzogiorno;123;inpatient hospital discharges per 1,000 inhabitants;PUBHOSP;public hospital;2017;2017;71.48;;
ITF;Sud;122;inpatient hospital discharges;PUBHOSP;public hospital;2017;2017;978520;;
ITF;Sud;123;inpatient hospital discharges per 1,000 inhabitants;PUBHOSP;public hospital;2017;2017;69.66;;
ITF1;Abruzzo;122;inpatient hospital discharges;PUBHOSP;public hospital;2017;2017;120261;;
ITF1;Abruzzo;123;inpatient hospital discharges per 1,000 inhabitants;PUBHOSP;public hospital;2017;2017;91.2;;
ITF2;Molise;122;inpatient hospital discharges;PUBHOSP;public hospital;2017;2017;23050;;
ITF2;Molise;123;inpatient hospital discharges per 1,000 inhabitants;PUBHOSP;public hospital;2017;2017;74.48;;
ITF3;Campania;122;inpatient hospital discharges;PUBHOSP;public hospital;2017;2017;355329;;
ITF3;Campania;123;inpatient hospital discharges per 1,000 inhabitants;PUBHOSP;public hospital;2017;2017;60.92;;
ITF4;Puglia;122;inpatient hospital discharges;PUBHOSP;public hospital;2017;2017;292040;;
ITF4;Puglia;123;inpatient hospital discharges per 1,000 inhabitants;PUBHOSP;public hospital;2017;2017;72;;
ITF5;Basilicata;122;inpatient hospital discharges;PUBHOSP;public hospital;2017;2017;56134;;
ITF5;Basilicata;123;inpatient hospital discharges per 1,000 inhabitants;PUBHOSP;public hospital;2017;2017;98.7;;
ITF6;Calabria;122;inpatient hospital discharges;PUBHOSP;public hospital;2017;2017;131706;;
ITF6;Calabria;123;inpatient hospital discharges per 1,000 inhabitants;PUBHOSP;public hospital;2017;2017;67.17;;
ITG;Isole;122;inpatient hospital discharges;PUBHOSP;public hospital;2017;2017;504038;;
ITG;Isole;123;inpatient hospital discharges per 1,000 inhabitants;PUBHOSP;public hospital;2017;2017;75.3;;
ITG1;Sicilia;122;inpatient hospital discharges;PUBHOSP;public hospital;2017;2017;351577;;
ITG1;Sicilia;123;inpatient hospital discharges per 1,000 inhabitants;PUBHOSP;public hospital;2017;2017;69.73;;
ITG2;Sardegna;122;inpatient hospital discharges;PUBHOSP;public hospital;2017;2017;152461;;
ITG2;Sardegna;123;inpatient hospital discharges per 1,000 inhabitants;PUBHOSP;public hospital;2017;2017;92.3;;
